-- phpMyAdmin SQL Dump
-- version 3.2.4
-- http://www.phpmyadmin.net
--
-- Host: localhost
-- Generation Time: Jun 22, 2014 at 06:31 PM
-- Server version: 5.1.44
-- PHP Version: 5.3.1

SET SQL_MODE="NO_AUTO_VALUE_ON_ZERO";


/*!40101 SET @OLD_CHARACTER_SET_CLIENT=@@CHARACTER_SET_CLIENT */;
/*!40101 SET @OLD_CHARACTER_SET_RESULTS=@@CHARACTER_SET_RESULTS */;
/*!40101 SET @OLD_COLLATION_CONNECTION=@@COLLATION_CONNECTION */;
/*!40101 SET NAMES utf8 */;

--
-- Database: `flowerpower`
--

CREATE DATABASE IF NOT EXISTS `flowerpower` DEFAULT CHARACTER SET utf8 COLLATE utf8_general_ci;
USE `flowerpower`;

-- --------------------------------------------------------

--
-- Table structure for table `admin_user`
--

CREATE TABLE IF NOT EXISTS `admin_user` (
  `ID` int(11) NOT NULL AUTO_INCREMENT,
  `username` varchar(50) CHARACTER SET utf8 COLLATE utf8_unicode_ci NOT NULL,
  `password` varchar(50) CHARACTER SET utf8 COLLATE utf8_unicode_ci NOT NULL,
  PRIMARY KEY (`ID`)
) ENGINE=InnoDB  DEFAULT CHARSET=utf8 AUTO_INCREMENT=3 ;

--
-- Dumping data for table `admin_user`
--

INSERT INTO `admin_user` (`ID`, `username`, `password`) VALUES
(1, 'admin', '9ca4fdf1cef71bcf8afc70b0f8013d5b5acd4cb7'),
(2, 'Atnan', '7110eda4d09e062aa5e4a390b0a572ac0d2c0220');

-- --------------------------------------------------------

--
-- Table structure for table `booking`
--

CREATE TABLE IF NOT EXISTS `booking` (
  `ID` int(11) NOT NULL AUTO_INCREMENT,
  `sessionID` varchar(255) NOT NULL,
  `bookTime` timestamp NOT NULL DEFAULT CURRENT_TIMESTAMP,
  `book_userID` int(11) NOT NULL,
  `routeStationDetailsID` int(11) NOT NULL,
  `returnFlag` tinyint(4) NOT NULL DEFAULT '0',
  `adultPassengers` int(11) NOT NULL,
  `childPassengers` int(11) NOT NULL,
  `bicycles` int(11) NOT NULL,
  `priceTotal` decimal(10,0) NOT NULL,
  `bookStatus` tinyint(4) NOT NULL DEFAULT '1',
  `bookAdmin` tinyint(4) NOT NULL DEFAULT '1',
  PRIMARY KEY (`ID`)
) ENGINE=InnoDB  DEFAULT CHARSET=utf8 AUTO_INCREMENT=56 ;

--
-- Dumping data for table `booking`
--

INSERT INTO `booking` (`ID`, `sessionID`, `bookTime`, `book_userID`, `routeStationDetailsID`, `returnFlag`, `adultPassengers`, `childPassengers`, `bicycles`, `priceTotal`, `bookStatus`, `bookAdmin`) VALUES
(1, '', '2014-05-22 03:32:24', 9, 89, 0, 1, 0, 0, 78, 1, 1),
(2, '', '2014-05-22 03:34:39', 10, 89, 0, 1, 0, 0, 78, 1, 1),
(3, '', '2014-05-22 03:39:35', 11, 89, 0, 1, 0, 0, 78, 1, 1),
(4, '', '2014-05-22 03:40:10', 12, 89, 0, 1, 0, 0, 78, 1, 1),
(5, '', '2014-05-22 03:40:11', 13, 89, 0, 1, 0, 0, 78, 1, 1),
(6, '', '2014-05-22 03:40:11', 14, 89, 0, 1, 0, 0, 78, 1, 1),
(7, '', '2014-05-22 03:40:11', 15, 89, 0, 1, 0, 0, 78, 1, 1),
(8, '', '2014-05-22 03:40:11', 16, 89, 0, 1, 0, 0, 78, 1, 1),
(9, '', '2014-05-22 03:40:11', 17, 89, 0, 1, 0, 0, 78, 1, 1),
(10, '', '2014-05-22 03:42:28', 18, 89, 0, 1, 0, 0, 78, 1, 1),
(11, '', '2014-05-22 03:44:11', 19, 89, 0, 1, 0, 0, 78, 1, 1),
(12, '', '2014-05-22 10:04:24', 20, 28, 0, 1, 1, 0, 0, 1, 1),
(13, '', '2014-05-22 14:03:18', 22, 89, 0, 1, 1, 0, 117, 1, 1),
(14, '', '2014-05-22 14:10:44', 23, 89, 0, 1, 2, 0, 156, 1, 1),
(15, '', '2014-05-22 19:17:20', 24, 89, 0, 1, 0, 0, 78, 1, 1),
(16, '', '2014-05-22 21:42:27', 25, 89, 0, 1, 0, 0, 78, 1, 1),
(17, '', '2014-05-22 21:43:31', 26, 89, 0, 1, 0, 0, 78, 1, 1),
(18, '', '2014-05-22 23:23:36', 27, 89, 0, 1, 1, 0, 117, 1, 1),
(19, '', '2014-05-22 23:25:00', 28, 89, 0, 2, 1, 0, 195, 1, 1),
(20, '', '2014-05-23 00:24:35', 29, 91, 0, 1, 1, 0, 0, 1, 1),
(21, '', '2014-05-27 21:30:58', 30, 103, 0, 1, 0, 0, 0, 1, 1),
(22, '', '2014-05-27 21:38:05', 31, 107, 0, 1, 0, 0, 0, 1, 1),
(23, '', '2014-05-27 22:06:48', 32, 109, 0, 1, 0, 0, 0, 1, 1),
(24, '', '2014-05-27 22:10:18', 33, 109, 0, 1, 0, 0, 0, 1, 1),
(25, '', '2014-05-27 22:12:32', 34, 109, 0, 1, 0, 0, 0, 1, 1),
(26, '', '2014-05-27 22:19:54', 35, 28, 0, 1, 0, 0, 0, 1, 1),
(27, '', '2014-05-27 22:43:56', 36, 103, 0, 1, 1, 0, 0, 1, 1),
(28, '', '2014-05-27 22:58:11', 37, 105, 0, 1, 0, 0, 0, 1, 1),
(29, '', '2014-05-27 22:58:55', 38, 105, 0, 1, 0, 0, 0, 1, 1),
(30, '', '2014-05-27 23:00:09', 39, 105, 0, 1, 0, 0, 0, 1, 1),
(31, '', '2014-05-27 23:00:35', 40, 105, 0, 1, 0, 0, 0, 1, 1),
(32, '', '2014-05-28 22:34:29', 41, 112, 0, 2, 1, 0, 0, 1, 1),
(33, '', '2014-05-29 13:56:44', 42, 72, 0, 1, 1, 0, 45, 1, 1),
(34, '', '2014-05-29 13:57:57', 43, 73, 0, 1, 1, 0, 30, 1, 1),
(35, '', '2014-05-29 14:08:57', 44, 72, 0, 1, 1, 0, 45, 1, 1),
(36, '', '2014-05-29 14:09:22', 45, 72, 0, 1, 1, 0, 45, 1, 1),
(37, '', '2014-05-29 14:15:44', 46, 72, 0, 1, 1, 0, 45, 1, 1),
(38, '', '2014-05-29 14:16:45', 47, 74, 0, 1, 1, 0, 45, 1, 1),
(39, '', '2014-05-29 14:20:58', 48, 74, 0, 2, 1, 0, 75, 1, 1),
(40, '', '2014-05-29 14:25:07', 49, 72, 0, 2, 1, 0, 75, 1, 1),
(41, '', '2014-05-29 15:53:35', 50, 73, 0, 2, 1, 0, 50, 1, 1),
(42, '', '2014-05-29 15:54:36', 51, 73, 0, 1, 1, 0, 30, 1, 1),
(43, '', '2014-05-29 15:56:58', 52, 86, 0, 1, 1, 0, 50, 1, 1),
(44, '', '2014-05-29 16:01:27', 53, 112, 0, 2, 1, 0, 50, 1, 1),
(45, '', '2014-05-29 18:33:51', 54, 112, 0, 1, 1, 0, 30, 1, 1),
(46, '', '2014-05-29 18:58:16', 55, 112, 0, 1, 1, 0, 30, 1, 1),
(47, '', '2014-05-29 19:00:39', 56, 112, 0, 1, 0, 0, 20, 1, 1),
(48, '', '2014-05-29 19:06:20', 57, 112, 0, 1, 0, 0, 20, 1, 1),
(49, '', '2014-05-29 19:07:40', 58, 112, 0, 1, 0, 0, 20, 1, 1),
(50, '', '2014-05-29 19:09:43', 59, 112, 0, 1, 0, 0, 20, 1, 1),
(51, '', '2014-05-29 19:17:31', 60, 116, 0, 1, 0, 0, 20, 1, 1),
(52, '', '2014-05-29 19:18:42', 61, 116, 0, 1, 0, 0, 20, 1, 1),
(53, '', '2014-05-29 19:31:31', 62, 116, 0, 1, 0, 0, 20, 1, 1),
(54, '', '2014-05-29 19:34:53', 63, 112, 0, 1, 0, 0, 20, 1, 1),
(55, '', '2014-05-30 12:59:09', 64, 116, 0, 2, 1, 0, 50, 1, 1);

-- --------------------------------------------------------

--
-- Table structure for table `book_passenger`
--

CREATE TABLE IF NOT EXISTS `book_passenger` (
  `ID` int(11) NOT NULL AUTO_INCREMENT,
  `name` text NOT NULL,
  `surname` text NOT NULL,
  `type` tinyint(4) NOT NULL,
  `bookingID` int(11) NOT NULL,
  `price` decimal(10,0) NOT NULL,
  PRIMARY KEY (`ID`)
) ENGINE=InnoDB  DEFAULT CHARSET=utf8 AUTO_INCREMENT=66 ;

--
-- Dumping data for table `book_passenger`
--

INSERT INTO `book_passenger` (`ID`, `name`, `surname`, `type`, `bookingID`, `price`) VALUES
(1, 'Themos', 'kostakopoulos', 1, 18, 78),
(2, 'Zoi', 'kostakopoulou', 2, 18, 39),
(3, 'Nikos', 'kostakopoulos', 1, 19, 78),
(4, 'Thomai', 'kostakopoulou', 1, 19, 78),
(5, 'Maria ', 'Kostakopoulou', 2, 19, 39),
(6, 'fff', 'bbb', 1, 20, 0),
(7, 'rt', 'erte', 2, 20, 0),
(8, 'efthymios', 'kostakopoulos', 1, 21, 0),
(9, 'aaa', 'bbb', 1, 22, 0),
(10, 'aaa', 'bbb', 1, 23, 0),
(11, 'vv', 'vhh', 1, 24, 0),
(12, 'ff', 'hh', 1, 25, 0),
(13, 'themos', 'kostakopoulos', 1, 26, 0),
(14, 'aaa', 'bbb', 1, 27, 0),
(15, 'ccc', 'ddd', 2, 27, 0),
(16, 'xcv', 'xcvcxvx', 1, 28, 0),
(17, 'sdfdsf', 'sdfds', 1, 29, 0),
(18, 'dsfsdff', 'dfdfhdfhdfh', 1, 30, 0),
(19, 'fdg', 'dfg', 1, 31, 0),
(20, 'Efthymios', 'Kostakopoulos', 1, 32, 0),
(21, 'Vasiliki', 'Kapari', 1, 32, 0),
(22, 'Zoi ', 'Kostakopoulou', 2, 32, 0),
(23, 'themos', 'kostakopoulos', 1, 33, 30),
(24, 'zoi', 'kostakopoulou', 2, 33, 15),
(25, 'themos', 'kostakopoulos', 1, 34, 20),
(26, 'zoi', 'kostakopoulou', 2, 34, 10),
(27, 'aa', 'bb', 1, 35, 30),
(28, 'cc', 'dd', 2, 35, 15),
(29, 'aa', 'bb', 1, 36, 30),
(30, 'cc', 'dd', 2, 36, 15),
(31, 'aa', 'bb', 1, 37, 30),
(32, 'cc', 'dd', 2, 37, 15),
(33, 'aaa', 'bbb', 1, 38, 30),
(34, 'ccc', 'ddd', 2, 38, 15),
(35, 'Efthymios', 'Kostakopoulos', 1, 39, 30),
(36, 'Vasiliki', 'Kapari', 1, 39, 30),
(37, 'Zoi', 'Kostakopoulou', 2, 39, 15),
(38, 'Nick', 'Kostakopoulos', 1, 40, 30),
(39, 'Thomi', 'Parianoy', 1, 40, 30),
(40, 'Maria', 'Kostakopoulou', 2, 40, 15),
(41, 'aaa', 'bbb', 1, 41, 20),
(42, 'ccc', 'ddd', 1, 41, 20),
(43, 'eee', 'fff', 2, 41, 10),
(44, 'aa', 'bb', 1, 42, 20),
(45, 'cc', 'dd', 2, 42, 10),
(46, 'aa', 'bb', 1, 43, 33),
(47, 'cc', 'dd', 2, 43, 17),
(48, 'efthymios', 'kostakopoulos', 1, 44, 20),
(49, 'Vasiliki', 'Kapari', 1, 44, 20),
(50, 'Zoi ', 'kostakopoulou', 2, 44, 10),
(51, 'aa', 'bb', 1, 45, 20),
(52, 'cc', 'dd', 2, 45, 10),
(53, 'aaa', 'bbb', 1, 46, 20),
(54, 'cccc', 'dddd', 2, 46, 10),
(55, 'sdf', 'sdf', 1, 47, 20),
(56, 'sss', 'fff', 1, 48, 20),
(57, 'cxvb', 'vcbgc', 1, 49, 20),
(58, 'sd', 'cvb', 1, 50, 20),
(59, 'd', 'dfg', 1, 51, 20),
(60, 'xc', 'fg', 1, 52, 20),
(61, 'sss', 'bbb', 1, 53, 20),
(62, 'cf', 'dfgh', 1, 54, 20),
(63, 'Efthymios', 'Kostakopoulos', 1, 55, 20),
(64, 'Vasiliki', 'Kapari', 1, 55, 20),
(65, 'Zoi ', 'Kostakopoulou', 2, 55, 10);

-- --------------------------------------------------------

--
-- Table structure for table `book_user`
--

CREATE TABLE IF NOT EXISTS `book_user` (
  `ID` int(11) NOT NULL AUTO_INCREMENT,
  `name` varchar(20) NOT NULL DEFAULT '',
  `surname` varchar(20) NOT NULL DEFAULT '',
  `mobileNumber` varchar(20) NOT NULL DEFAULT '',
  `email` varchar(20) NOT NULL DEFAULT '',
  `street` text NOT NULL,
  `streetNumber` int(11) NOT NULL,
  `city` text NOT NULL,
  `postCode` int(10) NOT NULL,
  PRIMARY KEY (`ID`)
) ENGINE=InnoDB  DEFAULT CHARSET=utf8 AUTO_INCREMENT=65 ;

--
-- Dumping data for table `book_user`
--

INSERT INTO `book_user` (`ID`, `name`, `surname`, `mobileNumber`, `email`, `street`, `streetNumber`, `city`, `postCode`) VALUES
(2, 'Vorname', 'Nachname', '44', 'ee@gg.hr', 'Strasse', 33, 'stadt', 2344),
(3, 'Vorname', 'Nachname', '22333', 'dd@ff.gr', 'strasse', 12, 'stadt', 123456),
(4, 'Vorname', 'Nachname', '22333', 'dd@ff.gr', 'strasse', 12, 'stadt', 123456),
(5, 'Vorname', 'Nachname', '22333', 'dd@ff.gr', 'strasse', 12, 'stadt', 123456),
(6, 'Vorname', 'Nachname', '22333', 'dd@ff.gr', 'strasse', 12, 'stadt', 123456),
(7, 'Vorname', 'Nachname', '22333', 'dd@ff.gr', 'strasse', 12, 'stadt', 123456),
(8, 'Vorname', 'Nachname', '22333', 'dd@ff.gr', 'strasse', 12, 'stadt', 123456),
(9, 'Vorname', 'Nachname', '22333', 'dd@ff.gr', 'strasse', 12, 'stadt', 123456),
(10, 'Vorname', 'Nachname', '22333', 'dd@ff.gr', 'strasse', 12, 'stadt', 123456),
(11, 'Vorname', 'Nachname', '22333', 'dd@ff.gr', 'strasse', 12, 'stadt', 123456),
(12, 'Vorname', 'Nachname', '22333', 'dd@ff.gr', 'strasse', 12, 'stadt', 123456),
(13, 'Vorname', 'Nachname', '22333', 'dd@ff.gr', 'strasse', 12, 'stadt', 123456),
(14, 'Vorname', 'Nachname', '22333', 'dd@ff.gr', 'strasse', 12, 'stadt', 123456),
(15, 'Vorname', 'Nachname', '22333', 'dd@ff.gr', 'strasse', 12, 'stadt', 123456),
(16, 'Vorname', 'Nachname', '22333', 'dd@ff.gr', 'strasse', 12, 'stadt', 123456),
(17, 'Vorname', 'Nachname', '22333', 'dd@ff.gr', 'strasse', 12, 'stadt', 123456),
(18, 'THEMOS', 'KOSTAKOPOULOS', '22333', 'dd@ff.gr', 'strasse', 12, 'stadt', 123456),
(19, 'Vorname', 'Nachname', '22333', 'dd@ff.gr', 'strasse', 12, 'stadt', 123456),
(20, 'MARIA', 'Nachname', '22333', 'dd@ff.gr', 'strasse', 12, 'stadt', 123456),
(21, 'Vorname33', 'Nachname', '22333', 'dd@ff.gr', 'strasse', 12, 'stadt', 123456),
(22, 'Vorname77', 'Nachname', '22333', 'dd@ff.gr', 'strasse', 12, 'stadt', 123456),
(23, 'Vorname', 'Nachname', '22333', 'dd@ff.gr', 'strasse', 12, 'stadt', 123456),
(24, 'Vorname', 'Nachname', '22333', 'dd@ff.gr', 'strasse', 12, 'stadt', 123456),
(25, 'Vorname', 'Nachname', '22333', 'dd@ff.gr', 'strasse', 12, 'stadt', 123456),
(26, 'Vorname', 'Nachname', '22333', 'dd@ff.gr', 'strasse', 12, 'stadt', 123456),
(27, 'Vorname', 'Nachname', '22333', 'dd@ff.gr', 'strasse', 12, 'stadt', 123456),
(28, 'Vorname', 'Nachname', '22333', 'dd@ff.gr', 'strasse', 12, 'stadt', 123456),
(29, 'Vorname', 'Nachname', '22333', 'dd@ff.gr', 'strasse', 12, 'stadt', 123456),
(30, 'Vorname', 'Nachname', '22333', 'dd@ff.gr', 'strasse', 12, 'stadt', 123456),
(31, 'Vorname', 'Nachname', '22333', 'dd@ff.gr', 'strasse', 12, 'stadt', 123456),
(32, 'Vorname', 'Nachname', '22333', 'dd@ff.gr', 'strasse', 12, 'stadt', 123456),
(33, 'Vorname', 'Nachname', '22333', 'dd@ff.gr', 'strasse', 12, 'stadt', 123456),
(34, 'Vorname', 'Nachname', '22333', 'dd@ff.gr', 'strasse', 12, 'stadt', 123456),
(35, 'Vorname', 'Nachname', '22333', 'dd@ff.gr', 'strasse', 12, 'stadt', 123456),
(36, 'Vorname', 'Nachname', '22333', 'dd@ff.gr', 'strasse', 12, 'stadt', 123456),
(37, 'Vorname', 'Nachname', '22333', 'dd@ff.gr', 'strasse', 12, 'stadt', 123456),
(38, 'Vorname', 'Nachname', '22333', 'dd@ff.gr', 'strasse', 12, 'stadt', 123456),
(39, 'Vorname', 'Nachname', '22333', 'dd@ff.gr', 'strasse', 12, 'stadt', 123456),
(40, 'Vorname', 'Nachname', '22333', 'dd@ff.gr', 'strasse', 12, 'stadt', 123456),
(41, 'Vorname', 'Nachname', '22333', 'dd@ff.gr', 'strasse', 12, 'stadt', 123456),
(42, 'Vorname', 'Nachname', '22333', 'dd@ff.gr', 'strasse', 12, 'stadt', 123456),
(43, 'Vorname', 'Nachname', '22333', 'dd@ff.gr', 'strasse', 12, 'stadt', 123456),
(44, 'Vorname', 'Nachname', '22333', 'dd@ff.gr', 'strasse', 12, 'stadt', 123456),
(45, 'Vorname', 'Nachname', '22333', 'dd@ff.gr', 'strasse', 12, 'stadt', 123456),
(46, 'Vorname', 'Nachname', '22333', 'dd@ff.gr', 'strasse', 12, 'stadt', 123456),
(47, 'Vorname', 'Nachname', '22333', 'dd@ff.gr', 'strasse', 12, 'stadt', 123456),
(48, 'Vorname', 'Nachname', '22333', 'dd@ff.gr', 'strasse', 12, 'stadt', 123456),
(49, 'Vorname', 'Nachname', '22333', 'dd@ff.gr', 'strasse', 12, 'stadt', 123456),
(50, 'Vorname', 'Nachname', '22333', 'dd@ff.gr', 'strasse', 12, 'stadt', 123456),
(51, 'Vorname', 'Nachname', '22333', 'dd@ff.gr', 'strasse', 12, 'stadt', 123456),
(52, 'Vorname', 'Nachname', '22333', 'dd@ff.gr', 'strasse', 12, 'stadt', 123456),
(53, 'Vorname', 'Nachname', '22333', 'dd@ff.gr', 'strasse', 12, 'stadt', 123456),
(54, 'Vorname', 'Nachname', '22333', 'dd@ff.gr', 'strasse', 12, 'stadt', 123456),
(55, 'ef', 'kostakopoulos', '22333', 'dd@ff.gr', 'strasse', 12, 'stadt', 123456),
(56, 'Vorname', 'Nachname', '22333', 'dd@ff.gr', 'strasse', 12, 'stadt', 123456),
(57, 'nikos', 'kostakopoulos', '22333', 'dd@ff.gr', 'strasse', 12, 'stadt', 123456),
(58, 'vasilis', 'kaplanis', '223344', 'dd@ff.gr', 'Strasse', 44, 'Athen', 123456),
(59, 'Gianis', 'Karagianis', '22333', 'dd@ff.gr', 'strasse', 12, 'stadt', 123456),
(60, 'aaa', 'bbb', '22333', 'dd@ff.gr', 'strasse', 12, 'stadt', 123456),
(61, 'aa', 'fff', '444', 'ff@gg.gr', 'sdf', 333, 'xxxx', 222),
(62, 'Vorname', 'Nachname', '22333', 'dd@ff.gr', 'strasse', 12, 'stadt', 123456),
(63, 'Nikos', 'kaplanopoulos', '22333', 'dd@ff.gr', 'strasse', 12, 'stadt', 123456),
(64, 'Gabriel', 'Pol', '22333', 'dd@ff.gr', 'strasse', 12, 'stadt', 123456);

-- --------------------------------------------------------

--
-- Table structure for table `bus`
--

CREATE TABLE IF NOT EXISTS `bus` (
  `ID` int(11) NOT NULL AUTO_INCREMENT,
  `busModelID` int(11) NOT NULL,
  `code` varchar(50) NOT NULL,
  `notes` varchar(500) NOT NULL,
  PRIMARY KEY (`ID`),
  UNIQUE KEY `code` (`code`)
) ENGINE=InnoDB  DEFAULT CHARSET=utf8 AUTO_INCREMENT=30 ;

--
-- Dumping data for table `bus`
--

INSERT INTO `bus` (`ID`, `busModelID`, `code`, `notes`) VALUES
(9, 2, 'xxx', ''),
(10, 1, 'xaa2', ''),
(11, 2, 'xaa311', ''),
(12, 1, 'xaa4', ''),
(13, 2, 'xaa5', ''),
(14, 18, 'xaa6', ''),
(15, 20, 'yyt1', ''),
(16, 23, 'n3_1', ''),
(17, 25, 'n5_1', ''),
(18, 25, 'n5_2', ''),
(19, 30, 'n10_1a', ''),
(20, 25, 'n5_3', ''),
(21, 2, 'xaa322', ''),
(22, 32, 'qw112ggg', ''),
(23, 32, 'bvc', ''),
(24, 32, 'th123', ''),
(25, 32, 'a12244', ''),
(26, 32, 'a11', ''),
(27, 34, 'themos11', ''),
(28, 35, 'tm22', ''),
(29, 2, 'x999777', '');

-- --------------------------------------------------------

--
-- Table structure for table `busmodel`
--

CREATE TABLE IF NOT EXISTS `busmodel` (
  `ID` int(11) NOT NULL AUTO_INCREMENT,
  `model` varchar(20) NOT NULL DEFAULT '',
  `numberOfSeats` int(11) DEFAULT NULL,
  PRIMARY KEY (`ID`),
  UNIQUE KEY `ID` (`ID`)
) ENGINE=InnoDB  DEFAULT CHARSET=utf8 AUTO_INCREMENT=38 ;

--
-- Dumping data for table `busmodel`
--

INSERT INTO `busmodel` (`ID`, `model`, `numberOfSeats`) VALUES
(1, 'Peugeot Tepee', 8),
(2, 'Peugeot Boxer', 16),
(18, 'testbusmodel', 12),
(19, 'newmodel', 23),
(20, 'new337', 223),
(21, 'new4', 334),
(22, 'new1', 8),
(23, 'n3', 1),
(24, 'n4', 2),
(25, 'n5', 1),
(26, 'n6', 1),
(27, 'n7', 1),
(28, 'n8', 3),
(29, 'n9', 1),
(30, 'n10', 1),
(31, 'n11', 1),
(32, 'a144', 33),
(33, 'a2', 2),
(34, 'themosModel', 12),
(35, 'themosModel2', 22),
(36, 'nnn', 12),
(37, 'nnn', 5);

-- --------------------------------------------------------

--
-- Table structure for table `city`
--

CREATE TABLE IF NOT EXISTS `city` (
  `ID` int(11) NOT NULL AUTO_INCREMENT,
  `name` varchar(20) NOT NULL DEFAULT '',
  PRIMARY KEY (`ID`),
  UNIQUE KEY `theName` (`name`)
) ENGINE=InnoDB  DEFAULT CHARSET=utf8 AUTO_INCREMENT=9 ;

--
-- Dumping data for table `city`
--

INSERT INTO `city` (`ID`, `name`) VALUES
(5, 'Berlin'),
(2, 'Düsseldorf'),
(4, 'Frankfurt'),
(3, 'Köln'),
(7, 'Mönchengladbach'),
(8, 'München'),
(6, 'Wiesbaden'),
(1, 'Wuppertal     ');

-- --------------------------------------------------------

--
-- Table structure for table `route`
--

CREATE TABLE IF NOT EXISTS `route` (
  `ID` int(11) NOT NULL AUTO_INCREMENT,
  `numberOfStations` int(11) NOT NULL DEFAULT '2',
  `firstStationID` int(11) NOT NULL DEFAULT '1',
  `lastStationID` int(11) NOT NULL DEFAULT '1',
  `stationsIDs` varchar(200) NOT NULL,
  `name` varchar(255) NOT NULL,
  PRIMARY KEY (`ID`),
  UNIQUE KEY `route_id` (`ID`,`name`),
  UNIQUE KEY `StationsIDs` (`stationsIDs`)
) ENGINE=InnoDB  DEFAULT CHARSET=utf8 AUTO_INCREMENT=17 ;

--
-- Dumping data for table `route`
--

INSERT INTO `route` (`ID`, `numberOfStations`, `firstStationID`, `lastStationID`, `stationsIDs`, `name`) VALUES
(1, 3, 3, 1, '3,5,1,', 'Berlin ZOB - Köln Hbf'),
(7, 3, 1, 3, '1,14,3,', 'Köln Hbf - Berlin ZOB'),
(11, 3, 7, 3, '7,5,3,', 'Wiesbaden Hbf - Berlin ZOB'),
(12, 3, 3, 7, '3,5,7,', 'Berlin ZOB - Wiesbaden Hbf'),
(13, 4, 3, 6, '3,8,2,6,', 'Berlin ZOB - Mönchengladbach Hbf'),
(14, 4, 6, 3, '6,2,8,3,', 'Mönchengladbach Hbf - Berlin ZOB'),
(15, 3, 5, 2, '5,1,2,', 'Frankfurt a.M. Hbf - Düsseldorf Hbf'),
(16, 3, 2, 5, '2,1,5,', 'Düsseldorf Hbf - Frankfurt a.M. Hbf');

-- --------------------------------------------------------

--
-- Table structure for table `route_station_details`
--

CREATE TABLE IF NOT EXISTS `route_station_details` (
  `ID` int(11) NOT NULL AUTO_INCREMENT,
  `routeID` int(11) NOT NULL,
  `uniqueRouteID` int(11) NOT NULL,
  `stationFromID` int(11) NOT NULL,
  `stationToID` int(11) NOT NULL,
  `price` float NOT NULL,
  `departure` datetime NOT NULL,
  `arrival` datetime NOT NULL,
  `reservedSeats` int(11) NOT NULL,
  `freeSeats` int(11) NOT NULL,
  PRIMARY KEY (`ID`)
) ENGINE=InnoDB  DEFAULT CHARSET=utf8 AUTO_INCREMENT=125 ;

--
-- Dumping data for table `route_station_details`
--

INSERT INTO `route_station_details` (`ID`, `routeID`, `uniqueRouteID`, `stationFromID`, `stationToID`, `price`, `departure`, `arrival`, `reservedSeats`, `freeSeats`) VALUES
(1, 1, 1, 3, 5, 5, '2014-04-22 02:00:00', '2014-04-22 00:00:00', 0, 16),
(2, 1, 1, 3, 1, 0, '2014-04-22 02:00:00', '2014-04-22 00:00:00', 0, 16),
(3, 1, 1, 5, 1, 0, '2014-04-22 00:00:00', '2014-04-22 00:00:00', 0, 16),
(4, 1, 2, 3, 5, 0, '2014-04-23 00:00:00', '2014-04-23 00:00:00', 0, 16),
(5, 1, 2, 3, 1, 0, '2014-04-23 00:00:00', '2014-04-23 00:00:00', 0, 16),
(6, 1, 2, 5, 1, 0, '2014-04-23 00:00:00', '2014-04-23 00:00:00', 0, 16),
(7, 1, 3, 3, 5, 0, '2014-04-24 00:00:00', '2014-04-24 00:00:00', 0, 16),
(8, 1, 3, 3, 1, 0, '2014-04-24 00:00:00', '2014-04-24 00:00:00', 0, 16),
(9, 1, 3, 5, 1, 0, '2014-04-24 00:00:00', '2014-04-24 00:00:00', 0, 16),
(10, 1, 4, 3, 5, 0, '2014-04-25 00:00:00', '2014-04-25 00:00:00', 0, 16),
(11, 1, 4, 3, 1, 0, '2014-04-25 00:00:00', '2014-04-25 00:00:00', 0, 16),
(12, 1, 4, 5, 1, 0, '2014-04-25 00:00:00', '2014-04-25 00:00:00', 0, 16),
(13, 2, 5, 3, 5, 0, '2014-04-26 00:00:00', '2014-04-26 00:00:00', 0, 16),
(14, 2, 5, 3, 10, 0, '2014-04-26 00:00:00', '2014-04-26 00:00:00', 0, 16),
(15, 2, 5, 5, 10, 0, '2014-04-26 00:00:00', '2014-04-26 00:00:00', 0, 16),
(16, 2, 6, 3, 5, 0, '2014-04-27 00:00:00', '2014-04-27 00:00:00', 0, 16),
(17, 2, 6, 3, 10, 0, '2014-04-27 00:00:00', '2014-04-27 00:00:00', 0, 16),
(18, 2, 6, 5, 10, 0, '2014-04-27 00:00:00', '2014-04-27 00:00:00', 0, 16),
(19, 1, 7, 3, 5, 0, '2014-04-28 00:00:00', '2014-04-28 00:00:00', 0, 16),
(20, 1, 7, 3, 1, 0, '2014-04-28 00:00:00', '2014-04-28 00:00:00', 0, 16),
(21, 1, 7, 5, 1, 0, '2014-04-28 00:00:00', '2014-04-28 00:00:00', 0, 16),
(22, 1, 8, 3, 5, 0, '2014-04-29 00:00:00', '2014-04-29 00:00:00', 0, 16),
(23, 1, 8, 3, 1, 0, '2014-04-29 00:00:00', '2014-04-29 00:00:00', 0, 16),
(24, 1, 8, 5, 1, 0, '2014-04-29 00:00:00', '2014-04-29 00:00:00', 0, 16),
(25, 1, 9, 3, 5, 0, '2014-04-30 00:00:00', '2014-04-30 00:00:00', 0, 16),
(26, 1, 9, 3, 1, 0, '2014-04-30 00:00:00', '2014-04-30 00:00:00', 0, 16),
(27, 1, 9, 5, 1, 0, '2014-04-30 00:00:00', '2014-04-30 00:00:00', 0, 16),
(28, 1, 10, 3, 5, 0, '2014-05-01 05:00:00', '2014-05-01 00:00:00', 0, 16),
(29, 1, 10, 3, 1, 0, '2014-05-01 05:00:00', '2014-05-01 00:00:00', 0, 16),
(30, 1, 10, 5, 1, 0, '2014-05-01 00:00:00', '2014-05-01 00:00:00', 0, 16),
(31, 1, 11, 3, 5, 0, '2014-05-02 00:00:00', '2014-05-02 00:00:00', 0, 16),
(32, 1, 11, 3, 1, 0, '2014-05-02 00:00:00', '2014-05-02 00:00:00', 0, 16),
(33, 1, 11, 5, 1, 0, '2014-05-02 00:00:00', '2014-05-02 00:00:00', 0, 16),
(34, 1, 12, 3, 5, 0, '2014-05-03 00:00:00', '2014-05-03 00:00:00', 0, 16),
(35, 1, 12, 3, 1, 0, '2014-05-03 00:00:00', '2014-05-03 00:00:00', 0, 16),
(36, 1, 12, 5, 1, 0, '2014-05-03 00:00:00', '2014-05-03 00:00:00', 0, 16),
(37, 1, 13, 3, 5, 0, '2014-05-04 00:00:00', '2014-05-04 00:00:00', 0, 16),
(38, 1, 13, 3, 1, 0, '2014-05-04 00:00:00', '2014-05-04 00:00:00', 0, 16),
(39, 1, 13, 5, 1, 0, '2014-05-04 00:00:00', '2014-05-04 00:00:00', 0, 16),
(40, 3, 14, 3, 13, 0, '2014-05-05 00:00:00', '2014-05-05 00:00:00', 0, 16),
(41, 3, 14, 3, 2, 0, '2014-05-05 00:00:00', '2014-05-05 00:00:00', 0, 16),
(42, 3, 14, 13, 2, 0, '2014-05-05 00:00:00', '2014-05-05 00:00:00', 0, 16),
(43, 3, 15, 3, 13, 0, '2014-05-06 00:00:00', '2014-05-06 00:00:00', 0, 16),
(44, 3, 15, 3, 2, 0, '2014-05-06 00:00:00', '2014-05-06 00:00:00', 0, 16),
(45, 3, 15, 13, 2, 0, '2014-05-06 00:00:00', '2014-05-06 00:00:00', 0, 16),
(46, 3, 16, 3, 13, 0, '2014-05-07 00:00:00', '2014-05-07 00:00:00', 0, 16),
(47, 3, 16, 3, 2, 0, '2014-05-07 00:00:00', '2014-05-07 00:00:00', 0, 16),
(48, 3, 16, 13, 2, 0, '2014-05-07 00:00:00', '2014-05-07 00:00:00', 0, 16),
(49, 1, 17, 3, 5, 0, '2014-05-08 00:00:00', '2014-05-08 00:00:00', 0, 16),
(50, 1, 17, 3, 1, 0, '2014-05-08 00:00:00', '2014-05-08 00:00:00', 0, 16),
(51, 1, 17, 5, 1, 0, '2014-05-08 00:00:00', '2014-05-08 00:00:00', 0, 16),
(52, 1, 18, 3, 5, 0, '2014-05-09 00:00:00', '2014-05-09 00:00:00', 0, 16),
(53, 1, 18, 3, 1, 0, '2014-05-09 00:00:00', '2014-05-09 00:00:00', 0, 16),
(54, 1, 18, 5, 1, 0, '2014-05-09 00:00:00', '2014-05-09 00:00:00', 0, 16),
(55, 4, 19, 13, 2, 0, '2014-05-10 00:00:00', '2014-05-10 00:00:00', 0, 16),
(56, 4, 19, 13, 6, 0, '2014-05-10 00:00:00', '2014-05-10 00:00:00', 0, 16),
(57, 4, 19, 2, 6, 0, '2014-05-10 00:00:00', '2014-05-10 00:00:00', 0, 16),
(58, 5, 20, 9, 10, 0, '2014-05-11 00:00:00', '2014-05-11 00:00:00', 0, 16),
(59, 5, 20, 9, 11, 0, '2014-05-11 00:00:00', '2014-05-11 00:00:00', 0, 16),
(60, 5, 20, 10, 11, 0, '2014-05-11 00:00:00', '2014-05-11 00:00:00', 0, 16),
(61, 1, 21, 3, 5, 0, '2014-05-13 00:00:00', '2014-05-13 00:00:00', 0, 16),
(62, 1, 21, 3, 1, 0, '2014-05-13 00:00:00', '2014-05-13 00:00:00', 0, 16),
(63, 1, 21, 5, 1, 0, '2014-05-13 00:00:00', '2014-05-13 00:00:00', 0, 16),
(64, 1, 22, 3, 5, 0, '2014-05-14 00:00:00', '2014-05-14 00:00:00', 0, 22),
(65, 1, 22, 3, 1, 0, '2014-05-14 00:00:00', '2014-05-14 00:00:00', 0, 22),
(66, 1, 22, 5, 1, 0, '2014-05-14 00:00:00', '2014-05-14 00:00:00', 0, 22),
(67, 6, 23, 8, 7, 0, '2014-05-15 00:00:00', '2014-05-15 00:00:00', 0, 16),
(68, 6, 23, 8, 12, 0, '2014-05-15 00:00:00', '2014-05-15 00:00:00', 0, 16),
(69, 6, 23, 7, 12, 0, '2014-05-15 00:00:00', '2014-05-15 00:00:00', 0, 16),
(70, 6, 24, 8, 7, 15, '2014-05-16 10:00:00', '2014-05-16 10:30:00', 0, 16),
(71, 6, 24, 8, 12, 15, '2014-05-16 10:00:00', '2014-05-16 12:00:00', 0, 5),
(72, 6, 24, 7, 12, 30, '2014-05-16 10:45:00', '2014-05-16 12:00:00', 0, 5),
(73, 1, 25, 3, 5, 20, '2014-05-17 10:05:00', '2014-05-17 10:30:00', 0, 9),
(74, 1, 25, 3, 1, 30, '2014-05-17 10:05:00', '2014-05-17 12:05:00', 0, 4),
(75, 1, 25, 5, 1, 15, '2014-05-17 10:45:00', '2014-05-17 12:05:00', 0, 16),
(76, 7, 26, 1, 14, 0, '2014-05-18 00:00:00', '2014-05-18 00:00:00', 0, 16),
(77, 7, 26, 1, 3, 0, '2014-05-18 00:00:00', '2014-05-18 00:00:00', 0, 16),
(78, 7, 26, 14, 3, 0, '2014-05-18 00:00:00', '2014-05-18 00:00:00', 0, 16),
(79, 1, 27, 3, 5, 0, '2014-05-19 00:00:00', '2014-05-19 00:00:00', 0, 16),
(80, 1, 27, 3, 1, 0, '2014-05-19 00:00:00', '2014-05-19 00:00:00', 0, 16),
(81, 1, 27, 5, 1, 0, '2014-05-19 00:00:00', '2014-05-19 00:00:00', 0, 16),
(82, 1, 28, 3, 5, 0, '2014-05-20 00:00:00', '2014-05-20 00:00:00', 0, 16),
(83, 1, 28, 3, 1, 0, '2014-05-20 00:00:00', '2014-05-20 00:00:00', 0, 16),
(84, 1, 28, 5, 1, 0, '2014-05-20 00:00:00', '2014-05-20 00:00:00', 0, 16),
(85, 8, 29, 9, 10, 22, '2014-05-21 10:00:00', '2014-05-21 11:00:00', 0, 16),
(86, 8, 29, 9, 3, 33, '2014-05-21 10:00:00', '2014-05-21 12:00:00', 0, 14),
(87, 8, 29, 10, 3, 44, '2014-05-21 17:00:00', '2014-05-21 12:00:00', 0, 16),
(88, 8, 30, 9, 10, 77, '2014-05-22 01:00:00', '2014-05-22 02:00:00', 0, 16),
(89, 8, 30, 9, 3, 78, '2014-05-22 01:00:00', '2014-05-22 03:00:00', 0, 16),
(90, 8, 30, 10, 3, 79, '2014-05-22 04:00:00', '2014-05-22 03:00:00', 0, 16),
(91, 1, 31, 3, 5, 0, '2014-05-23 02:39:00', '2014-05-23 01:00:00', 0, 16),
(92, 1, 31, 3, 1, 0, '2014-05-23 02:39:00', '2014-05-23 01:00:00', 0, 16),
(93, 1, 31, 5, 1, 0, '2014-05-23 01:00:00', '2014-05-23 01:00:00', 0, 16),
(94, 1, 32, 3, 5, 0, '2014-05-24 01:00:00', '2014-05-24 01:00:00', 0, 223),
(95, 1, 32, 3, 1, 0, '2014-05-24 01:00:00', '2014-05-24 01:00:00', 0, 223),
(96, 1, 32, 5, 1, 0, '2014-05-24 01:00:00', '2014-05-24 01:00:00', 0, 223),
(97, 1, 33, 3, 5, 0, '2014-05-25 01:00:00', '2014-05-25 01:00:00', 0, 16),
(98, 1, 33, 3, 1, 0, '2014-05-25 01:00:00', '2014-05-25 01:00:00', 0, 16),
(99, 1, 33, 5, 1, 0, '2014-05-25 01:00:00', '2014-05-25 01:00:00', 0, 16),
(100, 1, 34, 3, 5, 0, '2014-05-26 01:00:00', '2014-05-26 01:00:00', 0, 16),
(101, 1, 34, 3, 1, 0, '2014-05-26 01:00:00', '2014-05-26 01:00:00', 0, 16),
(102, 1, 34, 5, 1, 0, '2014-05-26 01:00:00', '2014-05-26 01:00:00', 0, 16),
(103, 9, 35, 3, 9, 0, '2014-05-27 01:00:00', '2014-05-27 01:00:00', 0, 13),
(104, 9, 35, 3, 10, 0, '2014-05-27 01:00:00', '2014-05-27 01:00:00', 0, 10),
(105, 9, 35, 9, 10, 0, '2014-05-27 01:00:00', '2014-05-27 01:00:00', 0, 12),
(106, 9, 36, 3, 9, 0, '2014-05-28 01:00:00', '2014-05-28 01:00:00', 0, 16),
(107, 9, 36, 3, 10, 0, '2014-05-28 01:00:00', '2014-05-28 01:00:00', 0, 15),
(108, 9, 36, 9, 10, 0, '2014-05-28 01:00:00', '2014-05-28 01:00:00', 0, 16),
(109, 9, 37, 3, 9, 0, '2014-05-29 01:00:00', '2014-05-29 01:00:00', 0, 15),
(110, 9, 37, 3, 10, 0, '2014-05-29 01:00:00', '2014-05-29 01:00:00', 0, 16),
(111, 9, 37, 9, 10, 0, '2014-05-29 01:00:00', '2014-05-29 01:00:00', 0, 16),
(112, 10, 38, 3, 2, 20, '2014-05-30 01:00:00', '2014-05-30 01:00:00', 0, 4),
(113, 10, 38, 3, 6, 20, '2014-05-30 01:00:00', '2014-05-30 01:00:00', 0, -2),
(114, 10, 38, 3, 7, 20, '2014-05-30 01:00:00', '2014-05-30 01:00:00', 0, -2),
(115, 10, 38, 3, 8, 20, '2014-05-30 01:00:00', '2014-05-30 01:00:00', 0, -2),
(116, 10, 38, 2, 6, 20, '2014-05-30 01:00:00', '2014-05-30 01:00:00', 0, 10),
(117, 10, 38, 2, 7, 20, '2014-05-30 01:00:00', '2014-05-30 01:00:00', 0, 10),
(118, 10, 38, 2, 8, 20, '2014-05-30 01:00:00', '2014-05-30 01:00:00', 0, 10),
(119, 10, 38, 6, 7, 20, '2014-05-30 01:00:00', '2014-05-30 01:00:00', 0, 16),
(120, 10, 38, 6, 8, 20, '2014-05-30 01:00:00', '2014-05-30 01:00:00', 0, 16),
(121, 10, 38, 7, 8, 20, '2014-05-30 01:00:00', '2014-05-30 01:00:00', 0, 16),
(122, 8, 39, 9, 10, 0, '2014-05-31 01:00:00', '2014-05-31 01:00:00', 0, 16),
(123, 8, 39, 9, 3, 0, '2014-05-31 01:00:00', '2014-05-31 01:00:00', 0, 16),
(124, 8, 39, 10, 3, 0, '2014-05-31 01:00:00', '2014-05-31 01:00:00', 0, 16);

-- --------------------------------------------------------

--
-- Table structure for table `route_station_order`
--

CREATE TABLE IF NOT EXISTS `route_station_order` (
  `ID` int(11) NOT NULL AUTO_INCREMENT,
  `routeID` int(11) NOT NULL,
  `stationID` int(11) NOT NULL,
  `stationOrder` int(11) NOT NULL,
  PRIMARY KEY (`ID`),
  UNIQUE KEY `station_route_id` (`ID`)
) ENGINE=InnoDB  DEFAULT CHARSET=utf8 AUTO_INCREMENT=53 ;

--
-- Dumping data for table `route_station_order`
--

INSERT INTO `route_station_order` (`ID`, `routeID`, `stationID`, `stationOrder`) VALUES
(1, 1, 3, 1),
(2, 1, 5, 2),
(3, 1, 1, 3),
(4, 2, 3, 1),
(5, 2, 5, 2),
(6, 2, 10, 3),
(7, 3, 3, 1),
(8, 3, 13, 2),
(9, 3, 2, 3),
(10, 4, 13, 1),
(11, 4, 2, 2),
(12, 4, 6, 3),
(13, 5, 9, 1),
(14, 5, 10, 2),
(15, 5, 11, 3),
(16, 6, 8, 1),
(17, 6, 7, 2),
(18, 6, 12, 3),
(19, 7, 1, 1),
(20, 7, 14, 2),
(21, 7, 3, 3),
(22, 8, 9, 1),
(23, 8, 10, 2),
(24, 8, 3, 3),
(25, 9, 3, 1),
(26, 9, 9, 2),
(27, 9, 10, 3),
(28, 10, 3, 1),
(29, 10, 2, 2),
(30, 10, 6, 3),
(31, 10, 7, 4),
(32, 10, 8, 5),
(33, 11, 7, 1),
(34, 11, 5, 2),
(35, 11, 3, 3),
(36, 12, 3, 1),
(37, 12, 5, 2),
(38, 12, 7, 3),
(39, 13, 3, 1),
(40, 13, 8, 2),
(41, 13, 2, 3),
(42, 13, 6, 4),
(43, 14, 6, 1),
(44, 14, 2, 2),
(45, 14, 8, 3),
(46, 14, 3, 4),
(47, 15, 5, 1),
(48, 15, 1, 2),
(49, 15, 2, 3),
(50, 16, 2, 1),
(51, 16, 1, 2),
(52, 16, 5, 3);

-- --------------------------------------------------------

--
-- Table structure for table `station`
--

CREATE TABLE IF NOT EXISTS `station` (
  `ID` int(11) NOT NULL AUTO_INCREMENT,
  `cityID` int(11) NOT NULL,
  `name` varchar(20) NOT NULL DEFAULT '',
  PRIMARY KEY (`ID`)
) ENGINE=InnoDB  DEFAULT CHARSET=utf8 AUTO_INCREMENT=9 ;

--
-- Dumping data for table `station`
--

INSERT INTO `station` (`ID`, `cityID`, `name`) VALUES
(1, 3, 'Köln Hbf'),
(2, 2, 'Düsseldorf Hbf'),
(3, 5, 'Berlin ZOB'),
(5, 4, 'Frankfurt a.M. Hbf'),
(6, 7, 'Mönchengladbach Hbf'),
(7, 6, 'Wiesbaden Hbf'),
(8, 1, 'Wuppertal Hbf');

-- --------------------------------------------------------

--
-- Table structure for table `unique_route`
--

CREATE TABLE IF NOT EXISTS `unique_route` (
  `ID` int(11) NOT NULL AUTO_INCREMENT,
  `routeID` int(11) NOT NULL,
  `busID` int(11) NOT NULL,
  `departure` datetime NOT NULL,
  `arrival` datetime NOT NULL,
  `active` int(1) NOT NULL DEFAULT '0',
  PRIMARY KEY (`ID`)
) ENGINE=InnoDB  DEFAULT CHARSET=utf8 AUTO_INCREMENT=40 ;

--
-- Dumping data for table `unique_route`
--

INSERT INTO `unique_route` (`ID`, `routeID`, `busID`, `departure`, `arrival`, `active`) VALUES
(1, 1, 9, '2014-04-22 02:00:00', '2014-04-22 00:00:00', 0),
(2, 1, 9, '2014-04-23 00:00:00', '2014-04-23 00:00:00', 0),
(3, 1, 9, '2014-04-24 00:00:00', '2014-04-24 00:00:00', 0),
(4, 1, 9, '2014-04-25 00:00:00', '2014-04-25 00:00:00', 0),
(5, 2, 9, '2014-04-26 00:00:00', '2014-04-26 00:00:00', 0),
(6, 2, 9, '2014-04-27 00:00:00', '2014-04-27 00:00:00', 0),
(7, 1, 9, '2014-04-28 00:00:00', '2014-04-28 00:00:00', 0),
(8, 1, 9, '2014-04-29 00:00:00', '2014-04-29 00:00:00', 0),
(9, 1, 9, '2014-04-30 00:00:00', '2014-04-30 00:00:00', 0),
(10, 1, 9, '2014-05-01 05:00:00', '2014-05-01 00:00:00', 0),
(11, 1, 9, '2014-05-02 00:00:00', '2014-05-02 00:00:00', 0),
(12, 1, 9, '2014-05-03 00:00:00', '2014-05-03 00:00:00', 0),
(13, 1, 9, '2014-05-04 00:00:00', '2014-05-04 00:00:00', 0),
(14, 3, 9, '2014-05-05 00:00:00', '2014-05-05 00:00:00', 0),
(15, 3, 9, '2014-05-06 00:00:00', '2014-05-06 00:00:00', 0),
(16, 3, 9, '2014-05-07 00:00:00', '2014-05-07 00:00:00', 0),
(17, 1, 9, '2014-05-08 00:00:00', '2014-05-08 00:00:00', 0),
(18, 1, 9, '2014-05-09 00:00:00', '2014-05-09 00:00:00', 0),
(19, 4, 9, '2014-05-10 00:00:00', '2014-05-10 00:00:00', 0),
(20, 5, 9, '2014-05-11 00:00:00', '2014-05-11 00:00:00', 0),
(21, 1, 9, '2014-05-13 00:00:00', '2014-05-13 00:00:00', 0),
(22, 1, 24, '2014-05-14 00:00:00', '2014-05-14 00:00:00', 0),
(23, 6, 9, '2014-05-15 00:00:00', '2014-05-15 00:00:00', 0),
(24, 6, 21, '2014-05-16 10:00:00', '2014-05-16 12:00:00', 0),
(25, 1, 29, '2014-05-17 10:05:00', '2014-05-17 12:05:00', 0),
(26, 7, 9, '2014-05-18 00:00:00', '2014-05-18 00:00:00', 0),
(27, 1, 9, '2014-05-19 00:00:00', '2014-05-19 00:00:00', 0),
(28, 1, 9, '2014-05-20 00:00:00', '2014-05-20 00:00:00', 0),
(29, 8, 9, '2014-05-21 10:30:00', '2014-05-21 12:00:00', 0),
(30, 8, 29, '2014-05-22 01:00:00', '2014-05-22 03:00:00', 0),
(31, 1, 9, '2014-05-23 02:39:00', '2014-05-23 01:00:00', 0),
(32, 1, 15, '2014-05-24 01:00:00', '2014-05-24 01:00:00', 0),
(33, 1, 9, '2014-05-25 01:00:00', '2014-05-25 01:00:00', 0),
(34, 1, 9, '2014-05-26 01:00:00', '2014-05-26 01:00:00', 0),
(35, 9, 9, '2014-05-27 01:00:00', '2014-05-27 01:00:00', 0),
(36, 9, 9, '2014-05-28 01:00:00', '2014-05-28 01:00:00', 0),
(37, 9, 9, '2014-05-29 01:00:00', '2014-05-29 01:00:00', 0),
(38, 10, 9, '2014-05-30 01:00:00', '2014-05-30 01:00:00', 0),
(39, 8, 9, '2014-05-31 01:00:00', '2014-05-31 01:00:00', 0);
